<?xml version="1.0" encoding="UTF-8"?><rss version="2.0"
	xmlns:content="http://purl.org/rss/1.0/modules/content/"
	xmlns:wfw="http://wellformedweb.org/CommentAPI/"
	xmlns:dc="http://purl.org/dc/elements/1.1/"
	xmlns:atom="http://www.w3.org/2005/Atom"
	xmlns:sy="http://purl.org/rss/1.0/modules/syndication/"
	xmlns:slash="http://purl.org/rss/1.0/modules/slash/"
	>

<channel>
	<title>Portfólios &#8211; TSS Energia Solar</title>
	<atom:link href="./index.html" rel="self" type="application/rss+xml" />
	<link>./../../index.html</link>
	<description></description>
	<lastBuildDate>Mon, 31 Oct 2022 22:46:07 +0000</lastBuildDate>
	<language>pt-BR</language>
	<sy:updatePeriod>
	hourly	</sy:updatePeriod>
	<sy:updateFrequency>
	1	</sy:updateFrequency>
	<generator>https://wordpress.org/?v=6.0.2</generator>

<image>
	<url>./../../wp-content/uploads/favicon.png</url>
	<title>Portfólios &#8211; TSS Energia Solar</title>
	<link>./../../index.html</link>
	<width>32</width>
	<height>32</height>
</image> 
	<item>
		<title>Rio do Sul &#8211; SC</title>
		<link>./../rio-do-sul-sc/index.html</link>
		
		<dc:creator><![CDATA[Suporte]]></dc:creator>
		<pubDate>Mon, 31 Oct 2022 22:46:07 +0000</pubDate>
				<guid isPermaLink="false">./../../index.html?post_type=studio-portfolio&#038;p=810</guid>

					<description><![CDATA[Projeto instalado em Rio do Sul &#8211; SC, sendo utilizadas 120 painéis de 335w na instalação, Geração estimada de 4.378kw/mês de potência e uma economias R$ 3.721/mês.]]></description>
		
		
		
			</item>
		<item>
		<title>Atalanta &#8211; SC (2)</title>
		<link>./../atalanta-sc-2/index.html</link>
		
		<dc:creator><![CDATA[Suporte]]></dc:creator>
		<pubDate>Mon, 31 Oct 2022 22:45:30 +0000</pubDate>
				<guid isPermaLink="false">./../../index.html?post_type=studio-portfolio&#038;p=808</guid>

					<description><![CDATA[Projeto instalado em Atalanta &#8211; SC, sendo utilizadas 541 painéis de 330w na instalação, Geração estimada de 19.737kw/mês de potência e uma economias R$ 14.800/mês.]]></description>
		
		
		
			</item>
		<item>
		<title>Atalanta &#8211; SC</title>
		<link>./../atalanta-sc/index.html</link>
		
		<dc:creator><![CDATA[Suporte]]></dc:creator>
		<pubDate>Mon, 31 Oct 2022 22:44:07 +0000</pubDate>
				<guid isPermaLink="false">./../../index.html?post_type=studio-portfolio&#038;p=804</guid>

					<description><![CDATA[Projeto instalado em Atalanta &#8211; SC, sendo utilizadas 219 painéis de 335w na instalação, Geração estimada de 8.099kw/mês de potência e uma economias R$ 6.197/mês.]]></description>
		
		
		
			</item>
		<item>
		<title>Caraá &#8211; RS</title>
		<link>./../caraa-rs/index.html</link>
		
		<dc:creator><![CDATA[Suporte]]></dc:creator>
		<pubDate>Mon, 31 Oct 2022 22:43:08 +0000</pubDate>
				<guid isPermaLink="false">./../../index.html?post_type=studio-portfolio&#038;p=802</guid>

					<description><![CDATA[Projeto instalado em Caraá &#8211; RS, sendo utilizadas 11 painéis de 550w na instalação, Geração estimada de 654kw/mês de potência e uma economias R$ 560/mês.]]></description>
		
		
		
			</item>
		<item>
		<title>Arroio do Sal &#8211; RS</title>
		<link>./../arroio-do-sal-rs/index.html</link>
		
		<dc:creator><![CDATA[Suporte]]></dc:creator>
		<pubDate>Mon, 31 Oct 2022 22:41:50 +0000</pubDate>
				<guid isPermaLink="false">./../../index.html?post_type=studio-portfolio&#038;p=799</guid>

					<description><![CDATA[Projeto instalado em Arroio do Sal &#8211; RS, sendo utilizadas 7 painéis de 550w na instalação, Geração estimada de 413kw/mês de potência e uma economias R$ 351/mês.]]></description>
		
		
		
			</item>
		<item>
		<title>Antônio da Patrulha &#8211; RS</title>
		<link>./../antonio-da-patrulha-rs/index.html</link>
		
		<dc:creator><![CDATA[Suporte]]></dc:creator>
		<pubDate>Mon, 31 Oct 2022 22:40:44 +0000</pubDate>
				<guid isPermaLink="false">./../../index.html?post_type=studio-portfolio&#038;p=797</guid>

					<description><![CDATA[Projeto instalado em Antônio da Patrulha &#8211; RS, sendo utilizadas 9 painéis de 550w na instalação, Geração estimada de 504kw/mês de potência e uma economias R$ 430/mês.]]></description>
		
		
		
			</item>
		<item>
		<title>Sinop &#8211; MT</title>
		<link>./../sinop-mt/index.html</link>
		
		<dc:creator><![CDATA[Suporte]]></dc:creator>
		<pubDate>Mon, 31 Oct 2022 22:38:14 +0000</pubDate>
				<guid isPermaLink="false">./../../index.html?post_type=studio-portfolio&#038;p=790</guid>

					<description><![CDATA[Projeto instalado em Sinop &#8211; MT, sendo utilizadas 19 painéis de 550w na instalação, Geração estimada de 1.292kw/mês de potência e uma economias R$ 1.550,00/mês.]]></description>
		
		
		
			</item>
		<item>
		<title>Pedra Preta &#8211; MT</title>
		<link>./../pedra-preta-mt/index.html</link>
		
		<dc:creator><![CDATA[Suporte]]></dc:creator>
		<pubDate>Mon, 31 Oct 2022 22:37:07 +0000</pubDate>
				<guid isPermaLink="false">./../../index.html?post_type=studio-portfolio&#038;p=787</guid>

					<description><![CDATA[Projeto instalado em Pedra Preta &#8211; MT, sendo utilizadas 09 painéis de 550w na instalação, Geração estimada de 606kw/mês de potência e uma economias R$ 667,00/mês.]]></description>
		
		
		
			</item>
		<item>
		<title>Cuiabá &#8211; MT</title>
		<link>./../cuiaba-mt/index.html</link>
		
		<dc:creator><![CDATA[Suporte]]></dc:creator>
		<pubDate>Mon, 31 Oct 2022 22:35:15 +0000</pubDate>
				<guid isPermaLink="false">./../../index.html?post_type=studio-portfolio&#038;p=781</guid>

					<description><![CDATA[Projeto instalado em Cuiabá &#8211; MT, sendo utilizadas 15 painéis de 550w na instalação, Geração estimada de 1.010kw/mês de potência e uma economias R$ 1.112,00/mês.]]></description>
		
		
		
			</item>
	</channel>
</rss>
